id;nom;prenom;date_naissance;lieu_naissance;cne;cni;mail;gsm
1;geez;zowie lovingly;2023-12-06;whether;gracious uh-huh exactly;ew abet;yearly cloudy picturesque;pungent speedy below
2;hence;sandy above rudely;2023-12-06;aboard;until shirtdress defragment;however now per;paintwork previous;aw circa
3;essay monthly indeed;valiantly urgently;2023-12-05;springboard yuck;wildly respect why;yawning boring where;incidentally;bee
4;boo;voluminous;2023-12-06;acid once pro;attendant furiously;past;while;quiet hmph lest
5;worth monthly;foam;2023-12-06;till hospitalisation;mockingly batten rambler;moist puppy;supposing meanwhile apostrophize;seldom
6;slimy trample;advanced stretch;2023-12-06;merrily sometimes;ah oasis;off-ramp pish geez;considering where lest;who
7;estimate soliloquize instead;onto yet quickly;2023-12-06;er violently;gosh;till on jut;ick at;button hmph
8;satisfied silica minty;confound;2023-12-05;trivialise;boxer word;commandment nippy lanky;crowded;documentary import
9;throughout so gasoline;announcement yahoo kiddingly;2023-12-05;burrow;aw very;questionably elimination queasy;what;impossible have praise
10;trusty what;stabilize;2023-12-05;incline wing;duh when;above mechanically;unfortunately lest by;whine
